{
    "title": [
        [
            220.49,
            741.39264,
            395.5,
            757.3526400000001
        ],
        [
            318.89,
            249.32264,
            330.94,
            265.28264
        ],
        [
            390.19,
            249.32264,
            497.65000000000003,
            265.28264
        ],
        [
            90.024,
            174.77264,
            137.91996,
            265.28264
        ],
        [
            151.46,
            212.60264,
            217.96532000000002,
            265.28264
        ],
        [
            151.46,
            174.77264,
            179.45000000000002,
            190.73264
        ],
        [
            238.01,
            156.29264,
            307.94671999999997,
            265.28264
        ],
        [
            318.89,
            156.29264,
            368.26,
            190.73264
        ],
        [
            390.19,
            174.77264,
            410.14,
            190.73264
        ],
        [
            453.7,
            82.73664,
            498.13,
            190.73264
        ],
        [
            90.024,
            82.73664,
            102.05399999999999,
            98.69664
        ],
        [
            151.46,
            82.73664,
            250.04000000000002,
            98.69664
        ],
        [
            318.89,
            82.73664,
            368.22236,
            98.69664
        ],
        [
            390.19,
            82.73664,
            426.22,
            98.69664
        ]
    ],
    "paragraph": [
        [
            108.02,
            299.60264,
            525.03992,
            717.61264
        ],
        [
            152.66,
            35.07264,
            463.45,
            51.03264
        ]
    ],
    "table": [
        [
            98.02,
            289.60264,
            535.03992,
            797.2380945454547
        ],
        [
            80.024,
            146.29264,
            507.65000000000003,
            344.9080945454547
        ]
    ],
    "picture": [],
    "table_signature": [
        [
            196.97,
            278.65736,
            417.28,
            292.69736
        ]
    ],
    "picture_signature": [],
    "numbered_list": [],
    "marked_list": [],
    "header": [],
    "footer": [],
    "footnote": [],
    "formula": [],
    "image_height": 3300,
    "image_width": 2550,
    "image_path": "data/images/demo0_29.png"
}