{
    "title": [
        [
            220.49,
            741.39264,
            395.5,
            757.3526400000001
        ],
        [
            276.05,
            693.49,
            338.99896,
            715.45
        ]
    ],
    "paragraph": [
        [
            108.02,
            76.25663999999999,
            524.4323599999999,
            684.7326400000001
        ],
        [
            152.66,
            35.07264,
            463.45,
            51.03264
        ]
    ],
    "table": [
        [
            98.02,
            66.25663999999999,
            534.4323599999999,
            765.4701400000001
        ]
    ],
    "picture": [],
    "table_signature": [],
    "picture_signature": [],
    "numbered_list": [],
    "marked_list": [],
    "header": [],
    "footer": [],
    "footnote": [],
    "formula": [],
    "image_height": 3300,
    "image_width": 2550,
    "image_path": "data/images/demo0_35.png"
}