{
    "title": [
        [
            220.49,
            741.39264,
            395.5,
            757.3526400000001
        ]
    ],
    "paragraph": [
        [
            90.024,
            398.38264,
            486.4934,
            431.43736
        ],
        [
            152.66,
            35.07264,
            463.45,
            51.03264
        ]
    ],
    "table": [
        [
            0,
            0,
            612,
            792
        ]
    ],
    "picture": [],
    "table_signature": [],
    "picture_signature": [
        [
            90.024,
            475.11735999999996,
            320.54,
            489.15736
        ]
    ],
    "numbered_list": [],
    "marked_list": [
        [
            263.33,
            446.28688,
            352.78000000000003,
            462.34263999999996
        ]
    ],
    "header": [],
    "footer": [],
    "footnote": [],
    "formula": [],
    "image_height": 3300,
    "image_width": 2550,
    "image_path": "data/images/demo0_46.png"
}