{
    "title": [
        [
            220.49,
            741.39264,
            395.5,
            757.3526400000001
        ],
        [
            90.024,
            301.04264,
            241.4,
            317.00264
        ],
        [
            276.41,
            330.46688,
            339.58,
            346.52263999999997
        ]
    ],
    "paragraph": [
        [
            108.02,
            638.17264,
            519.3730400000001,
            696.49264
        ],
        [
            152.66,
            35.07264,
            463.45,
            51.03264
        ]
    ],
    "table": [
        [
            0,
            0,
            612,
            792
        ]
    ],
    "picture": [],
    "table_signature": [],
    "picture_signature": [
        [
            118.1,
            359.29735999999997,
            496.15,
            373.33736
        ]
    ],
    "numbered_list": [
        [
            90.024,
            701.65264,
            499.30843999999996,
            717.7084
        ]
    ],
    "marked_list": [],
    "header": [],
    "footer": [],
    "footnote": [],
    "formula": [],
    "image_height": 3300,
    "image_width": 2550,
    "image_path": "data/images/demo0_34.png"
}