{
    "title": [
        [
            310.49,
            561.39264,
            485.5,
            577.3526400000001
        ],
        [
            95.424,
            273.44264,
            287.75796000000014,
            346.66263999999995
        ],
        [
            299.45,
            445.09264,
            319.40000000000003,
            461.05264
        ],
        [
            503.47,
            445.09264,
            515.5,
            461.05264
        ],
        [
            503.47,
            368.50264,
            675.61,
            423.22263999999996
        ],
        [
            299.45,
            273.44264,
            380.72,
            289.40263999999996
        ],
        [
            503.47,
            255.08263999999997,
            656.41,
            289.40263999999996
        ]
    ],
    "paragraph": [
        [
            108.02,
            500.53264,
            686.0752399999997,
            537.61264
        ],
        [
            286.97,
            474.34,
            704.35,
            489.34
        ],
        [
            95.424,
            368.50264,
            270.37752000000006,
            461.05264
        ],
        [
            299.45,
            311.26264,
            674.53,
            423.22263999999996
        ],
        [
            242.66,
            35.096639999999994,
            553.42,
            51.05664
        ]
    ],
    "table": [
        [
            85.42399999999999,
            245.08263999999997,
            685.61,
            540.6978012903226
        ]
    ],
    "picture": [],
    "table_signature": [],
    "picture_signature": [],
    "numbered_list": [],
    "marked_list": [],
    "header": [],
    "footer": [],
    "footnote": [],
    "formula": [],
    "image_height": 2550,
    "image_width": 3300,
    "image_path": "data/images/demo0_3.png"
}