{
    "title": [
        [
            220.49,
            741.39264,
            395.5,
            757.3526400000001
        ],
        [
            108.02,
            679.33264,
            243.20000000000002,
            695.29264
        ],
        [
            290.93,
            371.62688,
            325.18,
            387.68264
        ]
    ],
    "paragraph": [
        [
            90.024,
            700.45264,
            509.94068000000016,
            716.5083999999999
        ],
        [
            90.024,
            323.72264,
            510.8988800000001,
            356.77736
        ],
        [
            152.66,
            35.07264,
            463.45,
            51.03264
        ]
    ],
    "table": [
        [
            0,
            0,
            612,
            792
        ]
    ],
    "picture": [],
    "table_signature": [],
    "picture_signature": [
        [
            191.69,
            400.47736,
            422.68,
            414.51736
        ]
    ],
    "numbered_list": [],
    "marked_list": [],
    "header": [],
    "footer": [],
    "footnote": [],
    "formula": [],
    "image_height": 3300,
    "image_width": 2550,
    "image_path": "data/images/demo0_12.png"
}