{
    "title": [
        [
            90.024,
            664.33264,
            140.31396,
            717.13264
        ],
        [
            90.024,
            571.81264,
            144.25608000000003,
            642.9726400000001
        ],
        [
            90.024,
            442.54264,
            138.38280000000003,
            476.86264
        ],
        [
            90.024,
            386.86264,
            109.97,
            402.82264
        ],
        [
            90.024,
            294.32264,
            136.69104000000002,
            328.64264
        ],
        [
            154.34,
            257.48264,
            202.22,
            402.82264
        ],
        [
            220.49,
            741.39264,
            395.5,
            757.3526400000001
        ],
        [
            214.97,
            701.17264,
            278.12,
            717.13264
        ],
        [
            214.97,
            627.01264,
            227.0,
            642.9726400000001
        ],
        [
            300.89,
            608.65264,
            349.78000000000003,
            642.9726400000001
        ],
        [
            382.87,
            627.01264,
            436.76692,
            717.13264
        ],
        [
            446.11,
            608.65264,
            523.40428,
            642.9726400000001
        ],
        [
            214.97,
            386.86264,
            269.96816,
            476.86264
        ],
        [
            214.97,
            294.32264,
            286.96556000000004,
            328.64264
        ],
        [
            300.89,
            424.18264,
            366.72499999999997,
            476.86264
        ],
        [
            382.87,
            386.86264,
            431.34052,
            476.86264
        ],
        [
            382.87,
            294.32264,
            435.68164,
            328.64264
        ],
        [
            446.11,
            460.90264,
            474.13,
            476.86264
        ],
        [
            446.11,
            386.86264,
            515.53,
            402.82264
        ],
        [
            446.11,
            239.12264,
            521.82424,
            328.64264
        ]
    ],
    "paragraph": [
        [
            154.34,
            460.90264,
            203.97560000000001,
            642.9726400000001
        ],
        [
            300.89,
            275.96264,
            373.69952,
            402.82264
        ],
        [
            152.66,
            35.07264,
            463.45,
            51.03264
        ]
    ],
    "table": [
        [
            80.024,
            469.86264,
            533.40428,
            796.9326400000002
        ]
    ],
    "picture": [],
    "table_signature": [],
    "picture_signature": [],
    "numbered_list": [],
    "marked_list": [],
    "header": [],
    "footer": [],
    "footnote": [],
    "formula": [],
    "image_height": 3300,
    "image_width": 2550,
    "image_path": "data/images/demo0_45.png"
}