{
    "title": [
        [
            220.49,
            741.39264,
            395.5,
            757.3526400000001
        ],
        [
            201.29,
            165.62,
            412.96,
            180.62
        ],
        [
            154.34,
            136.85264,
            166.37,
            152.81264000000002
        ],
        [
            90.024,
            81.65664,
            141.75036,
            152.81264000000002
        ],
        [
            214.97,
            81.65664,
            288.08276,
            152.81264000000002
        ],
        [
            300.89,
            81.65664,
            369.39032000000003,
            152.81264000000002
        ],
        [
            382.87,
            81.65664,
            433.79836,
            152.81264000000002
        ],
        [
            446.11,
            136.85264,
            474.13,
            152.81264000000002
        ]
    ],
    "paragraph": [
        [
            90.024,
            193.73264,
            518.3904,
            717.61264
        ],
        [
            152.66,
            35.07264,
            463.45,
            51.03264
        ]
    ],
    "table": [
        [
            80.02399999999996,
            183.73264,
            528.3904,
            797.3082921739132
        ]
    ],
    "picture": [],
    "table_signature": [],
    "picture_signature": [],
    "numbered_list": [],
    "marked_list": [],
    "header": [],
    "footer": [],
    "footnote": [],
    "formula": [],
    "image_height": 3300,
    "image_width": 2550,
    "image_path": "data/images/demo0_44.png"
}