{
    "title": [
        [
            220.49,
            741.39264,
            395.5,
            757.3526400000001
        ],
        [
            321.25352,
            384.22264,
            369.99536,
            400.18264
        ],
        [
            153.59268,
            77.93664,
            213.96936,
            115.13264000000001
        ],
        [
            171.93072,
            226.16264,
            214.04000000000002,
            263.24264
        ]
    ],
    "paragraph": [
        [
            402.07,
            257.12264,
            526.03132,
            717.61264
        ],
        [
            246.05,
            88.01664,
            370.0396,
            717.61264
        ],
        [
            90.024,
            616.93264,
            213.98532000000003,
            717.61264
        ],
        [
            90.024,
            77.93664,
            213.96936000000002,
            601.81264
        ],
        [
            152.66,
            35.07264,
            463.45,
            51.03264
        ]
    ],
    "table": [
        [
            80.024,
            67.93664,
            536.03132,
            797.4126400000002
        ]
    ],
    "picture": [],
    "table_signature": [],
    "picture_signature": [],
    "numbered_list": [],
    "marked_list": [],
    "header": [],
    "footer": [],
    "footnote": [],
    "formula": [],
    "image_height": 3300,
    "image_width": 2550,
    "image_path": "data/images/demo0_15.png"
}