{
    "title": [
        [
            220.49,
            741.39264,
            395.5,
            757.3526400000001
        ],
        [
            197.09,
            682.21264,
            225.08,
            698.17264
        ],
        [
            302.21,
            663.85264,
            389.20796,
            698.17264
        ],
        [
            406.63,
            663.85264,
            520.5844000000001,
            717.13264
        ],
        [
            197.09,
            608.17264,
            242.36,
            624.13264
        ],
        [
            302.21,
            608.17264,
            346.18,
            624.13264
        ],
        [
            406.63,
            608.17264,
            475.57,
            624.13264
        ],
        [
            197.09,
            515.14264,
            278.8052,
            586.81264
        ],
        [
            302.21,
            570.85264,
            374.62,
            586.81264
        ],
        [
            302.21,
            515.14264,
            360.7,
            531.1026400000001
        ],
        [
            406.63,
            552.49264,
            487.69,
            586.81264
        ],
        [
            406.63,
            477.82264,
            490.45,
            531.1026400000001
        ],
        [
            302.21,
            477.82264,
            338.26,
            493.78263999999996
        ],
        [
            197.09,
            459.46264,
            258.40832,
            493.78263999999996
        ]
    ],
    "paragraph": [
        [
            90.024,
            515.14264,
            184.47528000000003,
            698.17264
        ],
        [
            90.024,
            372.44264,
            388.3,
            493.78263999999996
        ],
        [
            152.66,
            35.07264,
            463.45,
            51.03264
        ]
    ],
    "table": [
        [
            80.02399999999997,
            362.44264,
            530.5844000000001,
            777.7979854545456
        ]
    ],
    "picture": [],
    "table_signature": [],
    "picture_signature": [
        [
            219.53,
            93.59136,
            394.84,
            107.63136
        ]
    ],
    "numbered_list": [],
    "marked_list": [],
    "header": [],
    "footer": [],
    "footnote": [],
    "formula": [],
    "image_height": 3300,
    "image_width": 2550,
    "image_path": "data/images/demo0_39.png"
}