{
    "title": [
        [
            220.49,
            741.39264,
            395.5,
            757.3526400000001
        ],
        [
            90.024,
            700.45264,
            348.34000000000003,
            716.5083999999999
        ],
        [
            240.89,
            392.88688,
            375.22,
            408.94264
        ],
        [
            90.024,
            363.44264,
            352.3,
            379.40263999999996
        ]
    ],
    "paragraph": [
        [
            152.66,
            35.07264,
            463.45,
            51.03264
        ]
    ],
    "table": [
        [
            0,
            0,
            612,
            792
        ]
    ],
    "picture": [],
    "table_signature": [],
    "picture_signature": [
        [
            195.53,
            421.59736,
            418.72,
            435.63736
        ]
    ],
    "numbered_list": [],
    "marked_list": [],
    "header": [],
    "footer": [],
    "footnote": [],
    "formula": [],
    "image_height": 3300,
    "image_width": 2550,
    "image_path": "data/images/demo0_31.png"
}