{
    "title": [
        [
            220.49,
            741.39264,
            395.5,
            757.3526400000001
        ],
        [
            195.41,
            693.49,
            525.02896,
            715.45
        ]
    ],
    "paragraph": [
        [
            108.02,
            666.73264,
            503.2853599999998,
            682.69264
        ],
        [
            90.024,
            74.09664,
            523.0188,
            661.57264
        ],
        [
            152.66,
            35.07264,
            463.45,
            51.03264
        ]
    ],
    "table": [
        [
            80.02399999999996,
            64.09664,
            533.0188,
            742.31014
        ]
    ],
    "picture": [],
    "table_signature": [],
    "picture_signature": [],
    "numbered_list": [],
    "marked_list": [],
    "header": [],
    "footer": [],
    "footnote": [],
    "formula": [],
    "image_height": 3300,
    "image_width": 2550,
    "image_path": "data/images/demo0_10.png"
}