{
    "title": [
        [
            220.49,
            741.39264,
            395.5,
            757.3526400000001
        ],
        [
            90.024,
            128.93264,
            172.61,
            144.89264
        ],
        [
            302.21,
            128.93264,
            338.26,
            144.89264
        ],
        [
            197.09,
            73.73664,
            280.16,
            144.89264
        ]
    ],
    "paragraph": [
        [
            108.02,
            186.89264,
            524.77876,
            715.93
        ],
        [
            406.63,
            73.73664,
            525.9948400000001,
            144.89264
        ],
        [
            152.66,
            35.07264,
            463.45,
            51.03264
        ]
    ],
    "table": [
        [
            98.02,
            176.89264,
            534.77876,
            769.7431663157896
        ]
    ],
    "picture": [],
    "table_signature": [
        [
            135.14,
            157.7,
            479.11,
            172.7
        ]
    ],
    "picture_signature": [],
    "numbered_list": [],
    "marked_list": [],
    "header": [],
    "footer": [],
    "footnote": [],
    "formula": [],
    "image_height": 3300,
    "image_width": 2550,
    "image_path": "data/images/demo0_38.png"
}