{
    "title": [
        [
            310.49,
            561.39264,
            485.5,
            577.3526400000001
        ],
        [
            176.89428000000004,
            373.54264,
            205.81380000000001,
            389.50264
        ],
        [
            250.53372000000002,
            373.54264,
            293.62572,
            389.50264
        ],
        [
            243.43152000000003,
            246.56264,
            294.51948,
            262.52263999999997
        ],
        [
            173.27136000000002,
            246.56264,
            205.79784000000004,
            262.52263999999997
        ],
        [
            191.22636,
            119.57263999999999,
            220.14588000000003,
            135.53264
        ],
        [
            506.5582,
            479.29264,
            531.9984400000001,
            495.25264
        ],
        [
            605.22292,
            373.54264,
            663.3439599999999,
            389.50264
        ],
        [
            574.3084,
            479.29264,
            634.318,
            495.25264
        ],
        [
            480.75088,
            373.54264,
            592.31128,
            389.50264
        ],
        [
            471.63664000000006,
            225.44263999999998,
            551.1493600000001,
            241.40264
        ],
        [
            461.91808000000003,
            267.68264,
            516.51724,
            283.64264
        ],
        [
            593.10928,
            267.68264,
            632.70604,
            283.64264
        ],
        [
            618.46972,
            183.08264,
            646.5433600000001,
            199.04264
        ],
        [
            565.62508,
            225.44263999999998,
            590.12368,
            241.40264
        ]
    ],
    "paragraph": [
        [
            90.024,
            77.09664,
            382.04,
            537.61264
        ],
        [
            414.07,
            77.09664,
            706.09,
            537.61264
        ],
        [
            242.66,
            35.096639999999994,
            553.42,
            51.05664
        ]
    ],
    "table": [
        [
            80.02399999999996,
            67.09664,
            716.09,
            617.4126400000002
        ]
    ],
    "picture": [],
    "table_signature": [],
    "picture_signature": [],
    "numbered_list": [],
    "marked_list": [],
    "header": [],
    "footer": [],
    "footnote": [],
    "formula": [],
    "image_height": 2550,
    "image_width": 3300,
    "image_path": "data/images/demo0_20.png"
}