{
    "title": [
        [
            310.49,
            561.39264,
            485.5,
            577.3526400000001
        ],
        [
            190.6518,
            403.78264,
            205.78188,
            419.74264
        ],
        [
            521.0876400000001,
            403.78264,
            573.9790800000001,
            419.74264
        ],
        [
            401.03652,
            403.78264,
            460.96632000000005,
            419.74264
        ],
        [
            265.85532,
            403.78264,
            340.995,
            419.74264
        ],
        [
            243.52728,
            171.08264,
            412.38408000000004,
            187.04264
        ],
        [
            382.8261600000001,
            86.33664,
            451.3264800000002,
            102.29664000000001
        ],
        [
            524.1200400000002,
            86.33664,
            581.46432,
            102.29664000000001
        ],
        [
            290.63743999999997,
            128.69263999999998,
            344.15132000000006,
            144.65264
        ],
        [
            454.29128000000003,
            128.69263999999998,
            507.2306,
            144.65264
        ],
        [
            277.01136,
            86.33664,
            310.0326,
            102.29664000000001
        ]
    ],
    "paragraph": [
        [
            90.024,
            86.33664,
            706.09,
            535.45
        ],
        [
            242.66,
            35.096639999999994,
            553.42,
            51.05664
        ]
    ],
    "table": [
        [
            80.02399999999997,
            76.33664,
            716.09,
            522.3290036363637
        ]
    ],
    "picture": [],
    "table_signature": [],
    "picture_signature": [],
    "numbered_list": [],
    "marked_list": [],
    "header": [],
    "footer": [],
    "footnote": [],
    "formula": [],
    "image_height": 2550,
    "image_width": 3300,
    "image_path": "data/images/demo0_16.png"
}