{
    "title": [
        [
            220.49,
            741.39264,
            395.5,
            757.3526400000001
        ]
    ],
    "paragraph": [
        [
            90.024,
            647.68,
            499.8399999999999,
            716.2
        ],
        [
            90.024,
            88.85664,
            518.29468,
            633.7326400000001
        ],
        [
            152.66,
            35.07264,
            463.45,
            51.03264
        ]
    ],
    "table": [
        [
            80.02399999999996,
            78.85664,
            528.29468,
            796.9870967741937
        ]
    ],
    "picture": [],
    "table_signature": [],
    "picture_signature": [],
    "numbered_list": [],
    "marked_list": [],
    "header": [],
    "footer": [],
    "footnote": [],
    "formula": [],
    "image_height": 3300,
    "image_width": 2550,
    "image_path": "data/images/demo0_43.png"
}