{
    "title": [
        [
            310.49,
            561.39264,
            485.5,
            577.3526400000001
        ],
        [
            90.024,
            107.93263999999999,
            304.16,
            123.89264
        ]
    ],
    "paragraph": [
        [
            90.024,
            520.45264,
            677.6483599999998,
            536.5083999999999
        ],
        [
            108.02,
            435.85264,
            704.5728799999999,
            515.29264
        ],
        [
            90.024,
            413.50264,
            483.22,
            429.5584
        ],
        [
            242.66,
            35.096639999999994,
            553.42,
            51.05664
        ]
    ],
    "table": [
        [
            0,
            0,
            792,
            612
        ]
    ],
    "picture": [],
    "table_signature": [],
    "picture_signature": [
        [
            90.024,
            134.62736,
            455.44,
            148.66736
        ]
    ],
    "numbered_list": [],
    "marked_list": [],
    "header": [],
    "footer": [],
    "footnote": [],
    "formula": [],
    "image_height": 2550,
    "image_width": 3300,
    "image_path": "data/images/demo0_9.png"
}