{
    "title": [
        [
            220.49,
            741.39264,
            395.5,
            757.3526400000001
        ],
        [
            248.69,
            139.99688,
            367.3,
            156.05264
        ]
    ],
    "paragraph": [
        [
            108.02,
            680.53264,
            456.42679999999996,
            717.61264
        ],
        [
            108.02,
            595.81264,
            516.1969999999999,
            633.01264
        ],
        [
            108.02,
            553.57264,
            516.37,
            569.53264
        ],
        [
            90.024,
            110.57263999999999,
            483.01,
            126.53264
        ],
        [
            152.66,
            35.07264,
            463.45,
            51.03264
        ]
    ],
    "table": [
        [
            0,
            0,
            612,
            792
        ]
    ],
    "picture": [],
    "table_signature": [],
    "picture_signature": [
        [
            120.38,
            168.82736000000003,
            493.99,
            182.86736000000002
        ]
    ],
    "numbered_list": [
        [
            90.024,
            638.17264,
            413.98468,
            675.3484
        ],
        [
            90.024,
            574.69264,
            488.47159999999997,
            590.7484
        ],
        [
            90.024,
            468.82264,
            492.88820000000004,
            548.3584
        ]
    ],
    "marked_list": [],
    "header": [],
    "footer": [],
    "footnote": [],
    "formula": [],
    "image_height": 3300,
    "image_width": 2550,
    "image_path": "data/images/demo0_37.png"
}