{
    "title": [
        [
            220.49,
            741.39264,
            395.5,
            757.3526400000001
        ],
        [
            234.05,
            94.61663999999999,
            331.18,
            110.57664
        ],
        [
            378.07,
            94.61663999999999,
            472.69,
            110.57664
        ],
        [
            90.024,
            76.25663999999999,
            172.66488000000004,
            110.57664
        ]
    ],
    "paragraph": [
        [
            126.02,
            673.57264,
            496.32392,
            715.93
        ],
        [
            108.02,
            144.41264,
            525.85,
            668.41264
        ],
        [
            152.66,
            35.07264,
            463.45,
            51.03264
        ]
    ],
    "table": [
        [
            98.02,
            134.41264,
            535.85,
            748.6714635294119
        ]
    ],
    "picture": [],
    "table_signature": [
        [
            216.29,
            123.38000000000001,
            397.96,
            138.38
        ]
    ],
    "picture_signature": [],
    "numbered_list": [],
    "marked_list": [],
    "header": [],
    "footer": [],
    "footnote": [],
    "formula": [],
    "image_height": 3300,
    "image_width": 2550,
    "image_path": "data/images/demo0_32.png"
}