{
    "title": [
        [
            310.49,
            561.39264,
            485.5,
            577.3526400000001
        ],
        [
            90.024,
            503.53,
            322.17896,
            525.49
        ]
    ],
    "paragraph": [
        [
            108.02,
            73.73664,
            704.5728799999999,
            491.65263999999996
        ],
        [
            242.66,
            35.096639999999994,
            553.42,
            51.05664
        ]
    ],
    "table": [
        [
            98.02,
            63.736639999999994,
            714.5728799999999,
            551.6369878260869
        ]
    ],
    "picture": [],
    "table_signature": [],
    "picture_signature": [],
    "numbered_list": [],
    "marked_list": [],
    "header": [],
    "footer": [],
    "footnote": [],
    "formula": [],
    "image_height": 2550,
    "image_width": 3300,
    "image_path": "data/images/demo0_1.png"
}