{
    "title": [
        [
            220.49,
            741.39264,
            395.5,
            757.3526400000001
        ],
        [
            173.28732000000002,
            363.08263999999997,
            213.93744000000004,
            379.04263999999995
        ],
        [
            303.26660000000004,
            680.53264,
            331.42,
            696.49264
        ],
        [
            332.26592000000005,
            88.01664,
            369.93152000000003,
            103.97664
        ]
    ],
    "paragraph": [
        [
            90.024,
            109.01263999999999,
            213.95340000000004,
            717.61264
        ],
        [
            246.05,
            88.01664,
            370.06,
            717.61264
        ],
        [
            402.07,
            88.01664,
            526.09,
            717.61264
        ],
        [
            152.66,
            35.07264,
            463.45,
            51.03264
        ]
    ],
    "table": [
        [
            80.02399999999996,
            78.01664,
            536.09,
            797.4126400000002
        ]
    ],
    "picture": [],
    "table_signature": [],
    "picture_signature": [],
    "numbered_list": [],
    "marked_list": [],
    "header": [],
    "footer": [],
    "footnote": [],
    "formula": [],
    "image_height": 3300,
    "image_width": 2550,
    "image_path": "data/images/demo0_14.png"
}