{
    "title": [
        [
            310.49,
            561.39264,
            485.5,
            577.3526400000001
        ],
        [
            244.34124,
            458.17264,
            299.30748000000006,
            474.13264
        ],
        [
            486.4916,
            500.53264,
            550.31564,
            516.49264
        ],
        [
            230.2326,
            500.53264,
            317.56572000000006,
            516.49264
        ],
        [
            385.44360000000006,
            458.17264,
            442.16544000000005,
            474.13264
        ],
        [
            528.2058000000001,
            458.17264,
            564.05196,
            474.13264
        ],
        [
            212.42,
            264.56264,
            302.15408,
            298.88264
        ],
        [
            90.024,
            76.25663999999999,
            286.64,
            92.21664
        ],
        [
            334.85,
            246.08264,
            419.88488000000007,
            298.88264
        ],
        [
            334.85,
            207.08264,
            418.90000000000003,
            223.04264
        ],
        [
            579.67,
            246.08264,
            677.89,
            298.88264
        ],
        [
            579.67,
            207.08264,
            620.29,
            223.04264
        ],
        [
            579.67,
            132.41264,
            689.74612,
            185.24264
        ],
        [
            457.27,
            76.25663999999999,
            477.22,
            92.21664
        ],
        [
            579.67,
            76.25663999999999,
            655.38424,
            92.21664
        ]
    ],
    "paragraph": [
        [
            90.024,
            312.27736,
            706.09,
            537.61264
        ],
        [
            90.024,
            169.28264,
            190.34856000000002,
            298.88264
        ],
        [
            212.42,
            150.89264,
            327.82676000000004,
            223.04264
        ],
        [
            334.85,
            76.25663999999999,
            447.25628000000006,
            185.24264
        ],
        [
            457.27,
            150.89264,
            568.33564,
            298.88264
        ],
        [
            242.66,
            35.096639999999994,
            553.42,
            51.05664
        ]
    ],
    "table": [
        [
            80.02399999999997,
            66.25663999999999,
            716.09,
            617.2626400000001
        ]
    ],
    "picture": [],
    "table_signature": [],
    "picture_signature": [],
    "numbered_list": [],
    "marked_list": [],
    "header": [],
    "footer": [],
    "footnote": [],
    "formula": [],
    "image_height": 2550,
    "image_width": 3300,
    "image_path": "data/images/demo0_17.png"
}