{
    "title": [
        [
            310.49,
            561.39264,
            485.5,
            577.3526400000001
        ]
    ],
    "paragraph": [
        [
            108.02,
            98.45264,
            704.50732,
            537.61264
        ],
        [
            242.66,
            35.096639999999994,
            553.42,
            51.05664
        ]
    ],
    "table": [
        [
            98.02,
            88.45264,
            714.50732,
            617.41264
        ]
    ],
    "picture": [],
    "table_signature": [],
    "picture_signature": [],
    "numbered_list": [],
    "marked_list": [],
    "header": [],
    "footer": [],
    "footnote": [],
    "formula": [],
    "image_height": 2550,
    "image_width": 3300,
    "image_path": "data/images/demo0_2.png"
}