{
    "title": [
        [
            310.49,
            561.39264,
            485.5,
            577.3526400000001
        ],
        [
            313.3842000000001,
            267.68264,
            343.26132000000007,
            283.64264
        ],
        [
            513.40504,
            448.21264,
            585.03352,
            464.17264
        ],
        [
            618.58144,
            448.21264,
            705.88264,
            464.17264
        ],
        [
            459.39639999999997,
            194.24264,
            553.78384,
            210.20264
        ],
        [
            513.85192,
            109.61264,
            574.0849599999999,
            125.57264
        ],
        [
            553.33696,
            151.85264,
            607.23388,
            167.81264000000002
        ]
    ],
    "paragraph": [
        [
            90.024,
            77.21664,
            382.04,
            537.61264
        ],
        [
            414.07,
            479.17264,
            705.7868800000001,
            537.61264
        ],
        [
            414.07,
            88.37664,
            706.09,
            464.17264
        ],
        [
            242.66,
            35.096639999999994,
            553.42,
            51.05664
        ]
    ],
    "table": [
        [
            80.024,
            67.21664,
            716.09,
            617.4126400000001
        ]
    ],
    "picture": [],
    "table_signature": [],
    "picture_signature": [],
    "numbered_list": [],
    "marked_list": [],
    "header": [],
    "footer": [],
    "footnote": [],
    "formula": [],
    "image_height": 2550,
    "image_width": 3300,
    "image_path": "data/images/demo0_24.png"
}