{
    "title": [
        [
            310.49,
            561.39264,
            485.5,
            577.3526400000001
        ],
        [
            100.82,
            464.41264,
            266.12,
            537.13264
        ],
        [
            304.85,
            464.41264,
            451.54,
            518.17264
        ],
        [
            508.87,
            464.41264,
            637.69,
            518.17264
        ],
        [
            366.41,
            158.95688,
            429.58,
            175.01264
        ]
    ],
    "paragraph": [
        [
            90.024,
            129.53264,
            436.18,
            145.49264
        ],
        [
            242.66,
            35.096639999999994,
            553.42,
            51.05664
        ]
    ],
    "table": [
        [
            0,
            0,
            792,
            612
        ]
    ],
    "picture": [],
    "table_signature": [],
    "picture_signature": [
        [
            114.02,
            187.81736,
            680.35,
            201.85736
        ]
    ],
    "numbered_list": [],
    "marked_list": [],
    "header": [],
    "footer": [],
    "footnote": [],
    "formula": [],
    "image_height": 2550,
    "image_width": 3300,
    "image_path": "data/images/demo0_27.png"
}