{
    "title": [
        [
            220.49,
            741.39264,
            395.5,
            757.3526400000001
        ]
    ],
    "paragraph": [
        [
            90.024,
            576.1,
            447.21600000000007,
            701.14
        ],
        [
            108.02,
            83.33664,
            525.43784,
            564.7326400000001
        ],
        [
            152.66,
            35.07264,
            463.45,
            51.03264
        ]
    ],
    "table": [
        [
            98.02,
            73.33664,
            535.43784,
            629.047467586207
        ]
    ],
    "picture": [],
    "table_signature": [],
    "picture_signature": [],
    "numbered_list": [],
    "marked_list": [],
    "header": [],
    "footer": [],
    "footnote": [],
    "formula": [],
    "image_height": 3300,
    "image_width": 2550,
    "image_path": "data/images/demo0_28.png"
}