{
    "title": [
        [
            310.49,
            561.39264,
            485.5,
            577.3526400000001
        ]
    ],
    "paragraph": [
        [
            108.02,
            76.97664,
            704.7165200000001,
            495.01264
        ],
        [
            242.66,
            35.096639999999994,
            553.42,
            51.05664
        ]
    ],
    "table": [
        [
            98.02,
            66.97664,
            714.7165200000001,
            574.3952486956522
        ]
    ],
    "picture": [],
    "table_signature": [],
    "picture_signature": [],
    "numbered_list": [
        [
            578.47,
            509.11,
            705.27304,
            523.15
        ]
    ],
    "marked_list": [],
    "header": [],
    "footer": [],
    "footnote": [],
    "formula": [],
    "image_height": 2550,
    "image_width": 3300,
    "image_path": "data/images/demo0_7.png"
}