{
    "title": [
        [
            310.49,
            561.39264,
            485.5,
            577.3526400000001
        ],
        [
            90.024,
            495.01264,
            102.05399999999999,
            510.97263999999996
        ],
        [
            243.02,
            495.01264,
            279.08,
            510.97263999999996
        ],
        [
            90.024,
            457.81264,
            196.25,
            473.77263999999997
        ],
        [
            243.02,
            457.81264,
            336.92,
            473.77263999999997
        ],
        [
            90.024,
            401.98264,
            202.36644000000007,
            436.45264
        ],
        [
            90.024,
            364.78264,
            126.05,
            380.74264
        ],
        [
            90.024,
            327.46264,
            102.05399999999999,
            343.42264
        ],
        [
            396.05,
            234.44263999999998,
            515.87768,
            287.72263999999996
        ],
        [
            549.07,
            495.01264,
            577.0600000000001,
            510.97263999999996
        ],
        [
            549.07,
            457.81264,
            569.02,
            473.77263999999997
        ],
        [
            549.07,
            420.49264,
            629.77,
            436.45264
        ],
        [
            549.07,
            364.78264,
            609.73,
            380.74264
        ],
        [
            243.02,
            364.78264,
            356.62328,
            436.45264
        ],
        [
            243.02,
            271.76264,
            377.94584000000003,
            343.42264
        ],
        [
            243.02,
            197.12264,
            367.40000000000003,
            232.04264
        ],
        [
            396.05,
            197.12264,
            482.74,
            213.08264
        ],
        [
            108.02,
            96.77264,
            403.16,
            112.73264
        ]
    ],
    "paragraph": [
        [
            396.05,
            401.98264,
            541.1742800000001,
            510.97263999999996
        ],
        [
            396.05,
            308.98264,
            529.3000400000001,
            380.74264
        ],
        [
            549.07,
            197.12264,
            668.89768,
            343.42264
        ],
        [
            90.024,
            234.44263999999998,
            385.15976,
            287.72263999999996
        ],
        [
            90.024,
            117.89264,
            683.6057600000001,
            213.08264
        ],
        [
            242.66,
            35.096639999999994,
            553.42,
            51.05664
        ]
    ],
    "table": [
        [
            80.024,
            187.12264,
            678.89768,
            590.6210189473684
        ]
    ],
    "picture": [],
    "table_signature": [
        [
            90.024,
            523.86736,
            698.95,
            537.9073599999999
        ]
    ],
    "picture_signature": [],
    "numbered_list": [],
    "marked_list": [],
    "header": [],
    "footer": [],
    "footnote": [],
    "formula": [],
    "image_height": 2550,
    "image_width": 3300,
    "image_path": "data/images/demo0_8.png"
}