{
    "title": [
        [
            175.74516,
            204.20264,
            214.40028000000007,
            220.16264
        ],
        [
            310.49,
            561.39264,
            485.5,
            577.3526400000001
        ],
        [
            397.08584,
            183.08264,
            432.96392000000003,
            220.16264
        ],
        [
            626.59204,
            437.05264,
            659.7728800000001,
            453.01264
        ]
    ],
    "paragraph": [
        [
            90.024,
            77.21664,
            274.04,
            537.61264
        ],
        [
            306.05,
            77.21664,
            490.06,
            537.61264
        ],
        [
            522.07,
            182.96264,
            706.09,
            537.61264
        ],
        [
            522.07,
            88.37664,
            706.09,
            167.81264000000002
        ],
        [
            242.66,
            35.096639999999994,
            553.42,
            51.05664
        ]
    ],
    "table": [
        [
            80.024,
            67.21664,
            716.09,
            617.4126400000002
        ]
    ],
    "picture": [],
    "table_signature": [],
    "picture_signature": [],
    "numbered_list": [],
    "marked_list": [],
    "header": [],
    "footer": [],
    "footnote": [],
    "formula": [],
    "image_height": 2550,
    "image_width": 3300,
    "image_path": "data/images/demo0_5.png"
}