{
    "title": [
        [
            171.32424,
            617.05264,
            213.95340000000002,
            633.01264
        ],
        [
            168.228,
            447.70264,
            213.93744000000004,
            463.66263999999995
        ],
        [
            220.49,
            741.39264,
            395.5,
            757.3526400000001
        ],
        [
            314.77376000000004,
            447.70264,
            369.99536,
            506.02263999999997
        ],
        [
            311.53388,
            363.08263999999997,
            369.99536000000006,
            400.18264
        ],
        [
            491.446,
            447.70264,
            526.01536,
            463.66263999999995
        ],
        [
            484.95028,
            701.65264,
            525.9994,
            717.61264
        ],
        [
            490.12131999999997,
            88.01664,
            525.96748,
            103.97664
        ],
        [
            503.75116,
            130.25263999999999,
            525.96748,
            146.21264
        ]
    ],
    "paragraph": [
        [
            90.024,
            88.01664,
            214.04000000000002,
            717.61264
        ],
        [
            246.05,
            88.01664,
            370.01132000000007,
            717.61264
        ],
        [
            402.07,
            88.01664,
            526.01536,
            717.61264
        ],
        [
            152.66,
            35.07264,
            463.45,
            51.03264
        ]
    ],
    "table": [
        [
            80.02399999999994,
            78.01664,
            536.01536,
            797.4126400000002
        ]
    ],
    "picture": [],
    "table_signature": [],
    "picture_signature": [],
    "numbered_list": [],
    "marked_list": [],
    "header": [],
    "footer": [],
    "footnote": [],
    "formula": [],
    "image_height": 3300,
    "image_width": 2550,
    "image_path": "data/images/demo0_13.png"
}