{
    "title": [
        [
            220.49,
            741.39264,
            395.5,
            757.3526400000001
        ],
        [
            90.144,
            464.50264,
            187.85000000000002,
            517.18264
        ],
        [
            90.144,
            353.00264,
            189.60672000000005,
            405.82264
        ],
        [
            316.85,
            501.22264,
            344.86,
            517.18264
        ],
        [
            424.87,
            464.50264,
            490.49752,
            517.18264
        ],
        [
            316.85,
            389.86264,
            521.5876000000001,
            405.82264
        ],
        [
            316.85,
            334.64264,
            416.86,
            368.96263999999996
        ],
        [
            424.87,
            316.28264,
            496.21000000000004,
            387.44264
        ],
        [
            90.144,
            261.08263999999997,
            254.96,
            277.04263999999995
        ],
        [
            90.144,
            187.49264,
            199.56576,
            240.20264
        ],
        [
            206.57,
            169.01264,
            303.36740000000003,
            240.20264
        ],
        [
            316.85,
            224.24264,
            487.86412,
            277.04263999999995
        ],
        [
            316.85,
            187.49264,
            391.31936,
            240.20264
        ]
    ],
    "paragraph": [
        [
            108.02,
            553.45264,
            508.15315999999996,
            717.61264
        ],
        [
            206.57,
            389.86264,
            290.12,
            517.18264
        ],
        [
            206.57,
            279.44264,
            309.911,
            368.96263999999996
        ],
        [
            108.02,
            86.21664,
            504.1152800000001,
            144.41264
        ],
        [
            152.66,
            35.07264,
            463.45,
            51.03264
        ]
    ],
    "table": [
        [
            98.02,
            543.45264,
            518.15316,
            797.2655238709679
        ],
        [
            80.144,
            159.01264,
            531.5876000000001,
            596.8355238709678
        ]
    ],
    "picture": [],
    "table_signature": [
        [
            339.55,
            530.55736,
            524.35,
            544.59736
        ]
    ],
    "picture_signature": [],
    "numbered_list": [
        [
            90.024,
            149.69263999999998,
            518.4125599999999,
            165.74839999999998
        ]
    ],
    "marked_list": [],
    "header": [],
    "footer": [],
    "footnote": [],
    "formula": [],
    "image_height": 3300,
    "image_width": 2550,
    "image_path": "data/images/demo0_36.png"
}