{
    "title": [
        [
            310.49,
            561.39264,
            485.5,
            577.3526400000001
        ],
        [
            213.44268,
            479.29264,
            288.6462,
            495.25264
        ],
        [
            196.6368,
            204.20264,
            254.45988,
            220.16264
        ],
        [
            275.91012,
            204.20264,
            314.91636000000005,
            220.16264
        ]
    ],
    "paragraph": [
        [
            90.024,
            77.09664,
            382.04,
            537.61264
        ],
        [
            242.66,
            35.096639999999994,
            553.42,
            51.05664
        ]
    ],
    "table": [
        [
            80.02399999999996,
            67.09664,
            392.04,
            617.4126400000001
        ]
    ],
    "picture": [],
    "table_signature": [],
    "picture_signature": [],
    "numbered_list": [],
    "marked_list": [],
    "header": [],
    "footer": [],
    "footnote": [],
    "formula": [],
    "image_height": 2550,
    "image_width": 3300,
    "image_path": "data/images/demo0_25.png"
}