{
    "title": [
        [
            568.4816800000001,
            500.53264,
            628.4434000000001,
            516.49264
        ],
        [
            553.4952400000001,
            373.54264,
            602.8276000000001,
            389.50264
        ],
        [
            619.6973200000001,
            373.54264,
            643.3340800000001,
            389.50264
        ],
        [
            151.91688,
            500.53264,
            188.88024000000001,
            516.49264
        ],
        [
            310.49,
            561.39264,
            485.5,
            577.3526400000001
        ],
        [
            357.8402,
            384.70264,
            400.08632000000006,
            400.66263999999995
        ],
        [
            405.8,
            236.60264,
            445.3967600000001,
            252.56264000000002
        ]
    ],
    "paragraph": [
        [
            522.07,
            288.68264,
            706.09,
            537.61264
        ],
        [
            90.024,
            77.21664,
            274.04,
            537.61264
        ],
        [
            306.05,
            458.05264,
            490.06,
            537.61264
        ],
        [
            306.05,
            88.37664,
            490.06,
            442.93264
        ],
        [
            242.66,
            35.096639999999994,
            553.42,
            51.05664
        ]
    ],
    "table": [
        [
            80.024,
            67.21664,
            716.09,
            617.4126400000002
        ]
    ],
    "picture": [],
    "table_signature": [],
    "picture_signature": [],
    "numbered_list": [],
    "marked_list": [],
    "header": [],
    "footer": [],
    "footnote": [],
    "formula": [],
    "image_height": 2550,
    "image_width": 3300,
    "image_path": "data/images/demo0_6.png"
}