{
    "title": [
        [
            220.49,
            741.39264,
            395.5,
            757.3526400000001
        ],
        [
            90.024,
            682.81264,
            205.39884,
            717.13264
        ],
        [
            378.07,
            701.17264,
            494.53000000000003,
            717.13264
        ],
        [
            378.07,
            645.49264,
            398.02,
            661.4526400000001
        ],
        [
            234.05,
            570.85264,
            329.62,
            605.77264
        ],
        [
            378.07,
            570.85264,
            459.61,
            605.77264
        ],
        [
            234.05,
            496.78264,
            343.69520000000006,
            531.1026400000001
        ],
        [
            378.07,
            496.78264,
            493.7128,
            531.1026400000001
        ],
        [
            108.02,
            456.70264,
            171.41,
            472.66263999999995
        ]
    ],
    "paragraph": [
        [
            90.024,
            515.14264,
            226.75332000000003,
            661.4526400000001
        ],
        [
            234.05,
            627.01264,
            355.58540000000005,
            717.13264
        ],
        [
            108.02,
            308.60264,
            521.56856,
            430.30264
        ],
        [
            108.02,
            160.37264,
            521.44784,
            282.20264
        ],
        [
            108.02,
            75.77664,
            480.62216,
            112.85264000000001
        ],
        [
            152.66,
            35.07264,
            463.45,
            51.03264
        ]
    ],
    "table": [
        [
            80.024,
            150.37264,
            531.56856,
            796.9825150000001
        ]
    ],
    "picture": [],
    "table_signature": [],
    "picture_signature": [],
    "numbered_list": [
        [
            90.024,
            477.82264,
            484.19719999999995,
            493.8784
        ],
        [
            90.024,
            435.58263999999997,
            507.69031999999993,
            451.6384
        ],
        [
            90.024,
            287.36264,
            507.69031999999993,
            303.4184
        ],
        [
            90.024,
            118.13264,
            451.30520000000007,
            155.30839999999998
        ]
    ],
    "marked_list": [],
    "header": [],
    "footer": [],
    "footnote": [],
    "formula": [],
    "image_height": 3300,
    "image_width": 2550,
    "image_path": "data/images/demo0_33.png"
}