{
    "title": [
        [
            310.49,
            561.39264,
            485.5,
            577.3526400000001
        ],
        [
            90.024,
            268.40264,
            288.56,
            284.36264
        ]
    ],
    "paragraph": [
        [
            242.66,
            35.096639999999994,
            553.42,
            51.05664
        ]
    ],
    "table": [
        [
            0,
            0,
            792,
            612
        ]
    ],
    "picture": [],
    "table_signature": [],
    "picture_signature": [
        [
            305.93,
            295.11735999999996,
            488.32,
            309.15736
        ]
    ],
    "numbered_list": [],
    "marked_list": [],
    "header": [],
    "footer": [],
    "footnote": [],
    "formula": [],
    "image_height": 2550,
    "image_width": 3300,
    "image_path": "data/images/demo0_23.png"
}