{
    "title": [
        [
            310.49,
            561.39264,
            485.5,
            577.3526400000001
        ],
        [
            164.04648,
            521.65264,
            242.02704000000003,
            537.61264
        ],
        [
            280.28316000000007,
            521.65264,
            383.2251600000001,
            537.61264
        ],
        [
            503.61144000000013,
            521.65264,
            592.6363200000001,
            537.61264
        ],
        [
            421.4653200000001,
            521.65264,
            465.3712800000001,
            537.61264
        ],
        [
            630.87648,
            521.65264,
            706.09,
            537.61264
        ],
        [
            95.424,
            413.38264,
            218.3958,
            466.69264
        ],
        [
            95.424,
            376.06264,
            199.85000000000002,
            392.02263999999997
        ],
        [
            95.424,
            338.86264,
            184.73000000000002,
            354.82264
        ],
        [
            248.45,
            450.73264,
            276.44,
            466.69264
        ],
        [
            95.424,
            283.04264,
            367.87868,
            299.00264
        ],
        [
            248.45,
            264.68264,
            282.2,
            280.64264
        ],
        [
            248.45,
            134.93264,
            393.65408,
            169.25264
        ],
        [
            401.45,
            413.38264,
            542.71196,
            466.69264
        ],
        [
            401.45,
            376.06264,
            452.98,
            392.02263999999997
        ],
        [
            554.47,
            376.06264,
            661.9300000000001,
            392.02263999999997
        ],
        [
            554.47,
            338.86264,
            650.89,
            354.82264
        ],
        [
            554.47,
            283.04264,
            688.69,
            299.00264
        ],
        [
            554.47,
            209.00263999999999,
            658.51324,
            243.32264
        ],
        [
            401.45,
            153.29264,
            535.66,
            187.64264
        ],
        [
            554.47,
            171.68264,
            598.45,
            187.64264
        ]
    ],
    "paragraph": [
        [
            90.024,
            479.58736,
            660.37,
            537.61264
        ],
        [
            248.45,
            338.86264,
            387.04664,
            429.34263999999996
        ],
        [
            95.424,
            171.68264,
            384.61388000000005,
            243.32264
        ],
        [
            554.47,
            413.38264,
            698.8441600000001,
            466.69264
        ],
        [
            401.45,
            209.00263999999999,
            539.61572,
            354.82264
        ],
        [
            242.66,
            35.096639999999994,
            553.42,
            51.05664
        ]
    ],
    "table": [
        [
            85.424,
            143.29264,
            708.8441600000001,
            546.3212114285715
        ]
    ],
    "picture": [],
    "table_signature": [],
    "picture_signature": [],
    "numbered_list": [],
    "marked_list": [],
    "header": [],
    "footer": [],
    "footnote": [],
    "formula": [],
    "image_height": 2550,
    "image_width": 3300,
    "image_path": "data/images/demo0_22.png"
}