{
    "title": [
        [
            220.49,
            741.39264,
            395.5,
            757.3526400000001
        ],
        [
            258.05,
            701.19688,
            357.94,
            717.25264
        ]
    ],
    "paragraph": [
        [
            90.024,
            653.29264,
            457.40479999999997,
            686.34736
        ],
        [
            152.66,
            35.07264,
            463.45,
            51.03264
        ]
    ],
    "table": [
        [
            0,
            0,
            612,
            792
        ]
    ],
    "picture": [],
    "table_signature": [],
    "picture_signature": [],
    "numbered_list": [],
    "marked_list": [],
    "header": [],
    "footer": [],
    "footnote": [],
    "formula": [],
    "image_height": 3300,
    "image_width": 2550,
    "image_path": "data/images/demo0_40.png"
}