{
    "title": [
        [
            220.49,
            741.39264,
            395.5,
            757.3526400000001
        ],
        [
            396.76779999999997,
            680.53264,
            430.82644,
            696.49264
        ],
        [
            385.3564,
            595.81264,
            447.02584,
            611.77264
        ]
    ],
    "paragraph": [
        [
            90.024,
            88.01664,
            292.04,
            717.61264
        ],
        [
            324.07,
            299.48264,
            526.09,
            717.61264
        ],
        [
            324.07,
            77.93664,
            526.09,
            284.36264
        ],
        [
            152.66,
            35.07264,
            463.45,
            51.03264
        ]
    ],
    "table": [
        [
            80.02399999999994,
            67.93664,
            536.09,
            797.4126400000002
        ]
    ],
    "picture": [],
    "table_signature": [],
    "picture_signature": [],
    "numbered_list": [],
    "marked_list": [],
    "header": [],
    "footer": [],
    "footnote": [],
    "formula": [],
    "image_height": 3300,
    "image_width": 2550,
    "image_path": "data/images/demo0_41.png"
}