{
    "title": [
        [
            310.49,
            561.39264,
            485.5,
            577.3526400000001
        ],
        [
            336.05,
            266.26688,
            460.06,
            282.32264
        ],
        [
            90.024,
            236.84264,
            352.04,
            252.80264
        ]
    ],
    "paragraph": [
        [
            242.66,
            35.096639999999994,
            553.42,
            51.05664
        ]
    ],
    "table": [
        [
            0,
            0,
            792,
            612
        ]
    ],
    "picture": [],
    "table_signature": [],
    "picture_signature": [
        [
            228.38,
            295.11735999999996,
            565.84,
            309.15736
        ]
    ],
    "numbered_list": [],
    "marked_list": [],
    "header": [],
    "footer": [],
    "footnote": [],
    "formula": [],
    "image_height": 2550,
    "image_width": 3300,
    "image_path": "data/images/demo0_4.png"
}