{
    "title": [
        [
            310.49,
            561.39264,
            485.5,
            577.3526400000001
        ],
        [
            212.42,
            501.25264,
            256.4,
            517.21264
        ],
        [
            334.85,
            501.25264,
            376.52,
            517.21264
        ],
        [
            334.85,
            445.09264,
            378.8,
            461.05264
        ],
        [
            212.42,
            426.61264,
            282.92,
            442.57264
        ],
        [
            457.27,
            482.89264,
            562.8454,
            517.21264
        ],
        [
            457.27,
            389.86264,
            562.01548,
            461.05264
        ],
        [
            108.02,
            328.06264,
            296.36,
            344.02263999999997
        ]
    ],
    "paragraph": [
        [
            90.024,
            445.09264,
            308.69072,
            517.21264
        ],
        [
            579.67,
            445.09264,
            694.86928,
            536.65264
        ],
        [
            108.02,
            222.32264,
            673.2114799999999,
            280.64264
        ],
        [
            242.66,
            35.096639999999994,
            553.42,
            51.05664
        ]
    ],
    "table": [
        [
            80.024,
            379.86264,
            704.86928,
            597.0898658064516
        ]
    ],
    "picture": [],
    "table_signature": [],
    "picture_signature": [],
    "numbered_list": [
        [
            90.024,
            349.30264,
            672.0802,
            386.4784
        ],
        [
            90.024,
            285.80264,
            651.2758400000001,
            322.9984
        ],
        [
            90.024,
            201.20264,
            282.68,
            217.2584
        ]
    ],
    "marked_list": [],
    "header": [],
    "footer": [],
    "footnote": [],
    "formula": [],
    "image_height": 2550,
    "image_width": 3300,
    "image_path": "data/images/demo0_18.png"
}