{
    "title": [
        [
            220.49,
            741.39264,
            395.5,
            757.3526400000001
        ],
        [
            391.48504,
            701.65264,
            440.19496000000004,
            717.61264
        ],
        [
            411.88192,
            490.06264,
            472.96083999999996,
            506.02263999999997
        ],
        [
            399.03412000000003,
            426.58263999999997,
            441.63136000000003,
            442.54263999999995
        ],
        [
            405.1468,
            320.72264,
            446.30764,
            336.68264
        ],
        [
            412.36516000000006,
            447.70264,
            453.49408000000005,
            463.66263999999995
        ],
        [
            151.91688,
            426.58263999999997,
            200.53104000000002,
            442.54263999999995
        ],
        [
            179.38404,
            172.61264,
            232.068,
            188.57264
        ]
    ],
    "paragraph": [
        [
            324.07,
            172.49264,
            526.0360000000001,
            717.61264
        ],
        [
            90.024,
            88.01664,
            292.04,
            717.61264
        ],
        [
            152.66,
            35.07264,
            463.45,
            51.03264
        ]
    ],
    "table": [
        [
            80.024,
            78.01664,
            536.0360000000001,
            797.4126400000002
        ]
    ],
    "picture": [],
    "table_signature": [],
    "picture_signature": [],
    "numbered_list": [],
    "marked_list": [],
    "header": [],
    "footer": [],
    "footnote": [],
    "formula": [],
    "image_height": 3300,
    "image_width": 2550,
    "image_path": "data/images/demo0_42.png"
}